epoch,acc,loss,lr,val_acc,val_loss
0,0.846104734183,0.121592133923,0.001,0.859567223199,0.10789675206
